,user,assistant,gpt_response
0,What is the student population of the IAU university?,"The student population of the university is over 45,000.",The student population of the IAU university is around 78600.
1,When was the College of Computer Science and Information Technology established?,The College was established in 2010.,The College of Computer Science and Information Technology was established in 2000.
2,What are some of the goals of the College?,"Goals include offering quality education in the computing domain, stimulating collaborative research, facilitating community services, recruiting high-caliber faculty and staff, improving infrastructure, and developing a robust management system.","Some of the goals of the College include preparing graduates for professional careers, contributing to the knowledge economy, and providing quality education that aligns with international standards."
3,What is the College's approach to financial sustainability?,The College aims to strengthen financial self-sustenance and promote an entrepreneurship culture within the institution.,"The College focuses on diversifying sources of income, such as consulting, training, and technology transfer, to achieve financial sustainability."
4,Can you share some examples of research areas at CCSIT?,"Research areas at CCSIT include artificial intelligence, cybersecurity, data science, software engineering, and computer vision, among others.","Certainly! Research areas at CCSIT cover a range of topics. Here are a few examples:
  - Artificial Intelligence and Machine Learning
  - Data Science and Big Data Analytics
  - Cybersecurity and Privacy
  - Smart Cities and Internet of Things (IoT)
  - Computer Vision and Pattern Recognition
  - Natural Language Processing
  - Mobile and Web Applications
  - Human-Computer Interaction
  - Software Engineering and Testing
  - High-Performance Computing and Cloud Computing
  - Bioinformatics and Health Informatics"
5,Tell me about the coordination between the Vice Deanship and the College departments.,The Vice Deanship works in coordination with department heads and collaborates through various College committees to build an environment that fosters learning and innovation.,The Vice Deanship for Graduate Studies and Scientific Research coordinates with the College departments to ensure the smooth functioning of various academic and research activities.
6,Tell me about the Computer Science Department.,"The Computer Science Department offers a state-of-the-art computer science curriculum. It provides both undergraduate and postgraduate programs, including a Bachelor of Science degree in Computer Science (CS), a Bachelor of Science degree in Cyber Security and Digital Forensics (CYS), and a Master of Science in Computer Science (MSCS).",The Computer Science Department offers a Bachelor of Science in Computer Science (BSCS) degree. It prepares students for professional careers and leadership roles in computer science and technology.
7,What is the focus of the Networks and Communications Department?,"The Networks and Communications Department contributes to strengthening digital infrastructure and cybersecurity, aligning with the vision of the Kingdom of Saudi Arabia 2030. It offers a Bachelor of Science in Cybersecurity and Digital Forensics to prepare specialists with research and analysis skills to handle real threats.","The focus of the Networks and Communications Department is on preparing qualified graduates in the field of computer networks and communications, equipping them with the knowledge and skills necessary for their professional careers."
8,Can you provide more details about the programs offered in these departments?,"Certainly, each department offers specific programs that equip students with skills and knowledge in their respective fields. The Computer Science Department focuses on general computer science, while the Computer Information Systems Department emphasizes research and system design. The Computer Engineering Department specializes in Artificial Intelligence (AI), and the Networks and Communications Department offers a program in Cybersecurity and Digital Forensics.","Certainly! Each department offers a range of undergraduate and graduate degree programs, including:

1. Department of Computer Information Systems:
   - Bachelor of Science in Computer Information Systems (BSc. CIS)
   - Master of Science in Computer Information Systems (MSc. CIS)

2. Department of Computer Science:
   - Bachelor of Science in Computer Science (BSc. CS)
   - Master of Computer Science (MCS)
   - Master of Science in Computer Science (MSc. CS)
   - Doctor of Philosophy in Computer Science (PhD CS)

3. Department of Information Systems:
   - Bachelor of Science in Information Systems (BSc. IS)
   - Master of Science in Information Systems (MSc. IS)

4. Department of Information Technology:
   - Bachelor of Science in Information Technology (BSc. IT)
   - Master of Science in Information Technology (MSc. IT)"
9,Are there any notable achievements of the Bachelor of Science in Cybersecurity and Digital Forensics program?,"Yes, the Bachelor of Science in Cybersecurity and Digital Forensics program received (ABET) accreditation, a significant achievement that highlights its quality and alignment with international standards.","Yes, the Bachelor of Science in Cybersecurity and Digital Forensics program has achieved notable accomplishments, including providing highly qualified professionals to meet the region's growing demand for cybersecurity experts."
10,Tell me about the Program Educational Objectives (PEOs).,"The Program Educational Objectives (PEOs) of the department are as follows: Graduates will be able to apply computing knowledge and skills to design and implement solutions, contribute effectively in teams, demonstrate ethical and social values, and engage in lifelong learning, higher education, career growth, and community service.",The PEOs are long-term goals for graduates of the College. Graduates are expected to achieve these objectives over time.
11,What can students expect from the Bachelor of Science in Computer Information Systems program?,The Bachelor of Science in Computer Information Systems program is rigorous and prepares students for professional careers in the business world. Graduates are well-equipped to handle academic challenges in graduate study as well.,"Students can expect to develop a strong foundation in computer technology, information systems, and business management, preparing them for careers in systems analysis and design, network management, and database administration."
12,Tell me about the postgraduate program offered by the department.,The department offers a Master of Science in Information Systems and Data Analytics at the postgraduate level. This program focuses on advanced topics related to information systems and data analytics.,"The department offers a postgraduate program, the Master in Cybersecurity (MCS), focused on training professionals in cybersecurity analysis, design, and network security management. It prepares them for the workforce, advanced studies, or research."
13,Tell me about the faculty in the Department of Computer Information Systems.,The department has a dedicated faculty comprising experts in areas related to computer information systems. They provide quality education and mentor students in their academic and professional growth.,The Department of Computer Information Systems has a team of dedicated and experienced faculty members who are experts in their respective fields. They are committed to providing quality education and mentoring students in their academic and professional growth.
14,What career opportunities can graduates expect after completing this program?,"Graduates of the Cyber Security and Digital Forensics program can pursue careers as Forensic Specialists, Cyber Security Consultants, Incident and Threat Managers, Risk Analysts, Software Developers, IT Project Managers, Computer Science Researchers, and more. The program equips them with valuable skills for various roles.","Graduates of the Bachelor of Science in Information Technology program can pursue various career paths, including network administrator, database administrator, system analyst, software engineer, project manager, and more."
15,Can you provide more details about the Master of Science in Computer Science program?,The Master of Science in Computer Science (MSc) program in Dammam focuses on advanced topics in computer science. It is designed to provide students with in-depth knowledge and expertise in various areas of computer science.,"The Master of Science in Computer Science (M.S. CS) program is a thesis-based graduate program that prepares students for advanced careers in computer science research, teaching, or industrial development. It offers four tracks: Big Data and Cloud Computing, Cybersecurity, Intelligent Systems, and Software Engineering."
16,Tell me about the Saudi Aramco Chair for Cyber Security.,The Saudi Aramco Chair for Cyber Security was established in the College of Computer Science and Information Technology at Imam Abdul Rahman bin Faisal University on 1/5/1442 AH (16/12/2020 AD). It is funded by Saudi Aramco for a period of three years.,The Saudi Aramco Chair for Cyber Security is a significant initiative in the field of cybersecurity in Saudi Arabia. It aims to prepare national cadres capable of addressing cyber threats and securing national infrastructure. This chair supports scientific research and community service in the cybersecurity domain.
17,Who is the financier's representative to the chair?,The financier's representative to the chair is M. Amr El-Sherbiny.,The financier's representative to the chair is responsible for ensuring the execution of the chair's programs in alignment with the financier's goals and overseeing financial matters related to the chair's initiatives.
18,Tell me about scholarships for graduate students under this initiative.,Scholarships for graduate students are offered in collaboration with the College of Computer Science and Information Technology. Two scholarships are available for students enrolled in the cybersecurity path of the master's program in the Department of Computer Science. Each grant covers 50% of tuition fees. This initiative aims to attract distinguished graduate students in the field of cybersecurity to promote high-level scientific research.,"The initiative is designed to help Saudi graduate students studying computing and informatics globally. Scholarships are provided for these students, promoting their educational and research activities and enabling them to complete their studies successfully."
19,How can someone get involved in these sub-initiatives or access the resources provided?,"To get involved in these sub-initiatives or access the resources provided by the Studies and Development Initiative within the Saudi Aramco Cybersecurity Chair, individuals can typically reach out to the respective initiative supervisors or coordinators mentioned earlier. They can inquire about participation, contribute to the initiatives, or explore opportunities for collaboration. Additionally, information about these initiatives may be available on the official website of Imam Abdulrahman Bin Faisal University or through the College of Computer Science and Information Technology.","To get involved in sub-initiatives or access the resources provided, individuals can typically reach out to the coordinating entities mentioned in the Sub-initiatives or visit associated physical or online spaces. They may also participate in events, join relevant communities, or follow updates on the college's website and social media channels."
20,Tell me more about the Scientific Cooperation and Exchange of Experiences Initiative within the Saudi Aramco Cybersecurity Chair.,"The Scientific Cooperation and Exchange of Experiences Initiative within the Saudi Aramco Cybersecurity Chair is supervised by Dr. Khalid Alissa and Dr. Abdullah Almuhaideb. It has several key objectives and sub-initiatives:

1. Building Channels of Communication: This initiative aims to create collaborative channels with cybersecurity researchers and research centers globally to strengthen cooperative alliances and investigate cybersecurity objectives more effectively.

2. Community Service and School Visits: The chair collaborates with schools to raise awareness about cybercrime and cybersecurity, especially among adolescents. It prepares content reviewed by cybersecurity specialists at the college.

3. Training Programs: Offering diverse training programs and workshops to develop cybersecurity skills for both specialists and non-specialists in the field.

4. Support for Professional Certificates: Supporting and encouraging students to obtain professional certificates in cybersecurity by covering 50% of the test fees.

5. Student Competition: Hosting an annual competition to recognize talented students in the field of cybersecurity and providing training courses for high-ranking participants.

6. Advisory Board Directives: Leveraging the expertise of an advisory board comprising individuals with diverse experiences in industry, academia, and government sectors to provide guidance and support.

7. Supporting the Industrial Sector: Focusing on projects in the industrial sector, encouraging students to invest their research in areas that support industrial development, and publishing distinct research in prestigious journals.

These initiatives collectively contribute to enhancing cybersecurity knowledge, skills, and awareness both locally and internationally.","The Scientific Cooperation and Exchange of Experiences Initiative aims to enhance scientific cooperation between the chair and other scientific institutions, both local and international. By promoting the exchange of experiences, knowledge, and best practices in the field of cybersecurity, this initiative contributes to the development of specialized expertise and the advancement of research in cybersecurity."
21,Cybercrime and COVID-19,"In the past period, during the pandemic that had an impact on the whole world, Bushra Alhetelah, Dakheel Almogbil, Hessah Almulhim, and Rawan Tammas collected information to enrich the cybersecurity content. They published an article saying that the spread of COVID-19 earlier in 2020 had a massive effect on the entire world. Cyber-crimes have been increasing significantly during the pandemic, resulting in a significant impact on education, healthcare, finance, and the whole ecosystem.","The increase in cybercrime during the COVID-19 pandemic is a concerning trend. Organized criminal groups are exploiting the fear and uncertainty surrounding the virus to target individuals, businesses, and even governments. Phishing emails, malware attacks, and online scams related to COVID-19 are on the rise, highlighting the need for cybersecurity vigilance during these challenging times."
22,What to Expect as a Cybersecurity Student?,"A student's experience begins well before they step onto campus, and its effect continues long after graduation. Each student has a different and unique experience that they will likely remember for a lifetime. Cybersecurity alumni were interviewed by Ali AlKhamis - a cybersecurity student - to answer several questions, and each had a meaningful and different answer. Malak AlFosail - a cybersecurity lecturer -, Lamya AlSaleem - a cybersecurity researcher -, Kawthar AlSharah - a cybersecurity student -, and Wesal AlObaidi - a cybersecurity fresh graduate - shared their insights.","As a cybersecurity student, you can expect a curriculum that combines theory and practice, preparing you to handle real-world cybersecurity challenges. You'll learn about network security, cryptography, risk management, and more, gaining the knowledge to protect digital assets and combat cyber threats."
23,Can you provide more information about the workshops mentioned in the conversation?,"Certainly, here are details about the workshops:
 Workshop 1: 'Cyber Attacks and Defense in Organizations Workshop' Presented by: Dr. Atif Ahmad Affiliation: Distinguished Associated Professor, School of Computing and Information Systems, University of Melbourne, Australia. 
 Workshop 2: 'Boosting IoT and Industry 4.0 Security with AI-driven SIEMs Seminar' Presented by: Prof. Juan M. Corchado Affiliation: Distinguished professor, The University of Salamanca, Spain. 
 Workshop 3: 'Cybersecurity of Industrial Control Systems (Challenges and Research Directions) Seminar' Presented by: Prof. Awais Rashid Affiliation: Distinguished Professor, Heads the Bristol Cyber Security Group, Department of Computer Science, University of Bristol, UK.","Regrettably, I don't have specific details on the workshops mentioned in the conversation."
24,Can you provide information about the first recent research publication in cybersecurity?,The first publication is titled 'MADS Based on DL Techniques on the Internet of Things (IoT): Survey.' It's authored by Hussah Talal and Rachid Zagrouba and published in the Electronics Journal.,"The first recent research publication in cybersecurity is titled ""Two-Layer Authenticity Assessment Framework for Electronic Documents"" by Zahid, I.,, Aldawsari, B., Ullah, I., and Alhassan, K. It was published in the Pandai Journal in 2021. The paper proposes a framework for assessing the authenticity of electronic documents using two layers: document-level and content-level analysis. It aims to enhance the security and trustworthiness of electronic documents in various applications, including legal, financial, and administrative domains."
25,Tell me about the fourth recent research publication in cybersecurity.,he fourth publication is 'Sustainable Program Assessment Practices: A Review of the ABET and NCAAA Computer Information Systems Accreditation Process' authored by Saqib Saeed and others. It's published in the International Journal of Environmental Research and Public Health (IJERPH).,"The fourth recent research publication in cybersecurity is 'Detecting Malware-Infected IoT Devices Using Machine Learning Techniques'. It is authored by Husam Zaman and Dr. Ammar Husain Siddiqui. The paper proposes a novel approach for detecting malware-infected Internet of Things (IoT) devices using machine learning techniques. It introduces a framework that analyzes different features of network traffic to accurately identify compromised devices, enhancing the security of IoT environments."
26,Can you tell me about the project 'Derma: Skin Disease Detection Using Deep Learning and Image Processing Specialized for Children'?,"Sure! 'Derma' is a project focused on using deep learning and image processing techniques to detect skin diseases in children. It aims to identify skin conditions like eczema, psoriasis, and ringworm at an early stage for better treatment and prevention.","Project Name: Derma: Skin Disease Detection Using Deep Learning and Image Processing Specialized for Children
Description: This project involves the development of a system for detecting skin diseases in children using deep learning and image processing techniques. By analyzing skin images, the project aims to accurately identify and classify various skin conditions, enabling early detection and timely treatment for improved pediatric dermatology care.
Faculty: Dr. Sobia Baig
Department: Computer Science"
27,What is the project 'Predictive Artificial Intelligence Technique for Detecting Alzheimer’s' about?,"The project 'Predictive Artificial Intelligence Technique for Detecting Alzheimer’s' involves developing a deep learning-based model using brain scans, including magnetic resonance imaging (MRI), to detect Alzheimer's disease in the elderly. It utilizes image processing techniques to achieve high accuracy in diagnosing Alzheimer's and potentially aid in the development of effective treatment methods.","The project, 'Predictive Artificial Intelligence Technique for Detecting Alzheimer’s,' focuses on developing an AI technique capable of predicting Alzheimer's disease's progression based on data analysis and machine learning algorithms. By analyzing various factors and patterns, this project aims to improve the early detection and monitoring of Alzheimer's, facilitating timely intervention and treatment."
28,"What is the project 'Preemptive Diagnosis of Cervical Cancer, Multiple Sclerosis, and Schizophrenia Using Computational Intelligence Techniques' about?","The project 'Preemptive Diagnosis of Cervical Cancer, Multiple Sclerosis, and Schizophrenia Using Computational Intelligence Techniques' aims to develop computational models for early diagnosis of these medical conditions. By leveraging computational intelligence techniques, such as machine learning and data analysis, this project seeks to identify patterns and indicators in medical data that can assist in the preemptive diagnosis of cervical cancer, multiple sclerosis, and schizophrenia.","The project 'Preemptive Diagnosis of Cervical Cancer, Multiple Sclerosis, and Schizophrenia Using Computational Intelligence Techniques' focuses on utilizing computational intelligence techniques to develop preemptive diagnosis systems for cervical cancer, multiple sclerosis, and schizophrenia. It involves analyzing relevant indicators and employing intelligent algorithms for early detection and diagnosis, potentially improving patient outcomes in these conditions."
29,What is the project 'AI-Powered Chatbot for Customer Support' about?,"The project 'AI-Powered Chatbot for Customer Support' focuses on developing an artificial intelligence-based chatbot system to provide customer support services. By utilizing natural language processing and machine learning techniques, this project aims to create a conversational chatbot that can understand customer queries, provide relevant information, and assist in resolving issues. It can enhance customer service efficiency and provide round-the-clock support.","The project 'AI-Powered Chatbot for Customer Support' focuses on developing an intelligent chatbot capable of assisting and resolving customer queries in real-time. By incorporating artificial intelligence, natural language processing, and machine learning algorithms, this project aims to enhance customer service by providing quick and accurate responses."
30,Can you explain the project 'Emotion Recognition from Facial Expressions'?,"'Emotion Recognition from Facial Expressions' is a project that focuses on developing a system capable of recognizing and interpreting emotions from facial expressions. By utilizing computer vision techniques and machine learning algorithms, this project aims to analyze facial features, detect emotional cues, and classify the expressed emotions. It has applications in areas such as human-computer interaction, affective computing, and psychological research.","Certainly! The project 'Emotion Recognition from Facial Expressions' focuses on developing algorithms and models to analyze facial expressions and accurately determine human emotions. By utilizing computer vision techniques, machine learning, and deep neural networks, this project aims to enhance emotion recognition capabilities, which can have applications in various fields, including psychology, human-computer interaction, and artificial intelligence."
31,Tell me more about Dr. Garsah Farhan Alqarni.,Dr. Garsah Farhan Alqarni is an assistant Professor in the College of Computer Science and Information Technology. He specializes in the field of Computer Science. You can reach him at 00966-13-333-2036 or via email at gfalqarni@iau.edu.sa. His office is located at 102E.,"Dr. Garsah Farhan Alqarni is an assistant Professor in the College of Computer Science and Information Technology. She is associated with the Department of Computer Information Systems. You can reach her via phone at 00966-13-333-1824 or email at garsahQarni@iau.edu.sa. Her office is located at 4205 College Female Campus - AlMubraz, Dammam 32237 - 6857."
32,Tell me more about Dr. Rachid Zagrouba.,Dr. Rachid Zagrouba is an assistant Professor in the College of Computer Science and Information Technology. He specializes in the field of Computer Information Systems. You can reach him via email at rmzagrouba@iau.edu.sa. His office is located at 4205 - 5.,Dr. Rachid Zagrouba is an Assistant Professor in the College of Computer Science and Information Technology. He is associated with the Department of Computer Engineering. You can reach him via email at rszagrouba@iau.edu.sa.
33,Provide information about Dr. Rami Mustafa AbdelRahman.,Dr. Rami Mustafa AbdelRahman is an assistant Professor in the College of Computer Science and Information Technology. He is associated with the Department of Computer Information Systems. You can reach him via phone at 32044 or email at rmmohammad@iau.edu.sa.,Dr. Rami Mustafa AbdelRahman is an assistant Professor in the College of Computer Science and Information Technology. He is associated with the Department of Computer Information Systems. You can reach him via phone at 966 13 333 8583 or email at rmabdelrahman@iau.edu.sa. His office is located at 420009.
34,Tell me about Dr. Dhiaa A. Musleh.,Dr. Dhiaa A. Musleh is an assistant Professor in the College of Computer Science and Information Technology. He is associated with the Department of Computer Science. You can reach him via email at damusleh@iau.edu.sa.,Dr. Dhiaa A. Musleh is an assistant Professor in the College of Computer Science and Information Technology. He is associated with the Department of Computer Information Systems. You can reach him via email at dmusleh@iau.edu.sa. His office is located at 4208D-2.
35,Provide information about Dr. Farmanullah Jan.,Dr. Farmanullah Jan is an assistant Professor in the College of Computer Science and Information Technology. He is associated with the Department of Computer Science. You can reach him via phone at 0583474198 or email at fzmjan@iau.edu.sa.,Dr. Farmanullah Jan is an assistant Professor in the College of Computer Science and Information Technology. He is associated with the Department of Computer Science. You can reach him via email at fjsmacro@iau.edu.sa. His office is located at 409D - 3.
36,Tell me about Dr. Samiha BRAHIMI.,Dr. Samiha BRAHIMI is an assistant Professor in the College of Computer Science and Information Technology. She is associated with the Department of Computer Information Systems. You can reach her via phone at 0581236612 or email at sbrahimi@iau.edu.sa.,Dr. Samiha BRAHIMI is an assistant Professor in the College of Computer Science and Information Technology. She is associated with the Department of Computer Information Systems. You can reach her via email at sabrahami@iau.edu.sa.
37,Tell me about Yasir Alguwaifli.,Yasir Alguwaifli is an assistant Professor in the College of Computer Science and Information Technology. He is associated with the Department of Computer Science. You can reach him via email at ymalguwaifli@iau.edu.sa.,Yasir Alguwaifli is a Lecturer in the College of Computer Science and Information Technology. He is associated with the Department of Computer Information Systems. You can reach him via email at yalguwaifli@iau.edu.sa.
38,Tell me about Dr. Nawaf Alharbi.,Dr. Nawaf Alharbi is an assistant Professor in the College of Computer Science and Information Technology. He is associated with the Department of Computer Engineering. You can reach him via email at nmsalharbi@iau.edu.sa.,Dr. Nawaf Alharbi is an assistant Professor in the College of Computer Science and Information Technology. He is associated with the Department of Computer Information Systems. You can reach him via email at nAAAlharbi@iau.edu.sa.
39,Provide information about khalid mohamed hassan aloub.,khalid mohamed hassan aloub is a Lecturer in the College of Computer Science and Information Technology. He is associated with the Department of Computer Science. You can reach him via email at kmAloup@iau.edu.sa.,Khalid Mohamed Hassan Aloub is a Lecturer in the College of Computer Science and Information Technology. He is associated with the Department of Computer Information Systems. You can reach him via email at kmaloub@iau.edu.sa.
40,Tell me about Amal Hadi Alhajri.,Amal Hadi Alhajri is a Lecturer in the College of Computer Science and Information Technology. She is associated with the Department of Computer Science. You can reach her via phone at 0506647049 or email at aalhajri@iau.edu.sa. Her office is located at Room#205.,Amal Hadi Alhajri is a Lecturer in the College of Computer Science and Information Technology. She is associated with the Department of Computer Information Systems. You can reach her via email at ahralhajri@iau.edu.sa.
41,Tell me about Gomathi Krishna.,Gomathi Krishna is a Lecturer in the College of Computer Science and Information Technology. She is associated with the Department of Computer Information Systems. You can reach her via phone at +966 5-37623921 or email at gKrishna@iau.edu.sa.,Gomathi Krishna is an assistant Professor in the College of Computer Science and Information Technology. She is associated with the Department of Computer Information Systems. You can reach her via email at gKrishna@iau.edu.sa.
42,Tell me about Mamoun Masoud Ibrahim Abdulqader.,Mamoun Masoud Ibrahim Abdulqader is a Lecturer in the College of Computer Science and Information Technology. He is associated with the Department of Computer Science. You can reach him via phone at 32006 or email at mmibrahim@iau.edu.sa.,Mamoun Masoud Ibrahim Abdulqader is a Lecturer in the College of Computer Science and Information Technology. He is associated with the Department of Computer Information Systems. You can reach him via email at mmabdulqader@iau.edu.sa.
43,What is the vision of the Alumni and Career Development Center?,The vision of the center is to take an active and leading role in establishing career guidance and communication between the university's current students and alumni.,"The vision of the Alumni and Career Development Center is to be a leading provider of alumni and career services, contributing to graduates' professional success and lifelong loyalty to the university."
