instruction,response,Generate Response
### Instruction: What is the student population of the IAU university?\n\n ### Response:,"### Response:The student population of the university is over 45,000.", I'm sorry but I'm not familiar with the IAU university. Could you please provide more information or context about the university so I can assist you better?
### Instruction: When was the College of Computer Science and Information Technology established?\n\n ### Response:,### Response:The College was established in 2010., The College of Computer Science and Information Technology was established in the year 2000.
### Instruction: What are some of the goals of the College?\n\n ### Response:,"### Response:Goals include offering quality education in the computing domain, stimulating collaborative research, facilitating community services, recruiting high-caliber faculty and staff, improving infrastructure, and developing a robust management system."," The goals of the College vary depending on the specific institution, but some common goals include providing a well-rounded education, fostering critical thinking and analytical skills, preparing students for their future careers, and promoting personal growth and development. Additionally, many colleges aim to create a diverse and inclusive campus community, engage students in research and service learning, and maintain strong relationships with alumni and the local community."
### Instruction: What is the College's approach to financial sustainability?\n\n ### Response:,### Response:The College aims to strengthen financial self-sustenance and promote an entrepreneurship culture within the institution.," The College has a multi-layered approach to financial sustainability which includes, revenue enhancement, cost containment, and resource utilization strategies.\n\nThe approach aims to create a sustainable financial foundation for the College by generating new revenues, cutting unnecessary expenses, and using resources efficiently. Additionally, the College has initiated various programs to increase enrollment, retention and graduation rates, which will contribute to long-term financial stability by increasing tuition and fee revenues.\n\nThe College's approach also focuses on maintaining a solid financial position by investing"
### Instruction: Can you share some examples of research areas at CCSIT?\n\n ### Response:,"### Response:Research areas at CCSIT include artificial intelligence, cybersecurity, data science, software engineering, and computer vision, among others."," Certainly! Here are just a few examples of research areas at Carnegie Mellon University's School of Computer Science's Computer Science and Electrical and Computer Engineering departments:
- Artificial intelligence and machine learning
- Natural language processing and human-computer interaction
- Robotics and autonomous systems
- Computer architecture and hardware design
- Database and information systems
- Systems security and privacy
- Biomedical informatics and computational biology
- Computer graphics and visualization
- Human-computer interaction and user experience design
- Software engineering and programming languages
Th"
### Instruction: Tell me about the coordination between the Vice Deanship and the College departments.\n\n ### Response:,### Response:The Vice Deanship works in coordination with department heads and collaborates through various College committees to build an environment that fosters learning and innovation.," The coordination between the Vice Deanship and the College departments is essential to ensure that the academic and administrative processes are running smoothly across all departments. The Vice Deanship works closely with each department to provide support in areas such as teaching, research, curriculum development, and student services. Regular meetings are held with department heads to review progress and discuss potential improvements. The Vice Deanship also provides guidance and training to department faculty and staff to help them develop their skills and improve their performance. Overall, the coordination between the Vice Deanship and the College departments plays a crucial"
### Instruction: Tell me about the Computer Science Department.\n\n ### Response:,"### Response:The Computer Science Department offers a state-of-the-art computer science curriculum. It provides both undergraduate and postgraduate programs, including a Bachelor of Science degree in Computer Science (CS), a Bachelor of Science degree in Cyber Security and Digital Forensics (CYS), and a Master of Science in Computer Science (MSCS)."," The Computer Science Department is a division within a college or university that offers academic programs and research opportunities in the field of computer science. It typically offers degree programs at both the undergraduate and graduate levels, such as Bachelor of Science in Computer Science, Master of Science in Computer Science, and PhD in Computer Science. The department is composed of faculty members who are experts in various computer science disciplines, including software development, artificial intelligence, computer networks, and data science. Students in the department can take courses in these areas, conduct research under the guidance of faculty members, and participate in extrac"
### Instruction: What is the focus of the Networks and Communications Department?\n\n ### Response:,"### Response:The Networks and Communications Department contributes to strengthening digital infrastructure and cybersecurity, aligning with the vision of the Kingdom of Saudi Arabia 2030. It offers a Bachelor of Science in Cybersecurity and Digital Forensics to prepare specialists with research and analysis skills to handle real threats."," The focus of the Networks and Communications Department is on the design, implementation, and maintenance of communication networks and systems. This includes wired, wireless, and satellite networks, as well as the development of network protocols and standards to ensure reliable and efficient communication. The department's goal is to ensure the smooth operation and expansion of communication networks to support the ever-growing demand for connectivity and data transfer."
### Instruction: Can you provide more details about the programs offered in these departments?\n\n ### Response:,"### Response:Certainly, each department offers specific programs that equip students with skills and knowledge in their respective fields. The Computer Science Department focuses on general computer science, while the Computer Information Systems Department emphasizes research and system design. The Computer Engineering Department specializes in Artificial Intelligence (AI), and the Networks and Communications Department offers a program in Cybersecurity and Digital Forensics."," Of course, here is some information on the Engineering and Fine Arts departments:
Engineering: The Engineering Department offers programs in various fields such as Mechanical Engineering, Electrical and Computer Engineering, Chemical Engineering, and Civil Engineering. These programs prepare students with the necessary knowledge and skills to design, develop, and analyze various technological systems and processes. Students are exposed to a wide range of courses from mathematical and scientific principles to advanced engineering concepts. Graduates have the opportunity to work in industries such as automotive, aerospace, construction, or energy, or continue their studies at the graduate level."
### Instruction: Are there any notable achievements of the Bachelor of Science in Cybersecurity and Digital Forensics program?\n\n ### Response:,"### Response:Yes, the Bachelor of Science in Cybersecurity and Digital Forensics program received (ABET) accreditation, a significant achievement that highlights its quality and alignment with international standards."," Yes, there are several notable achievements of the Bachelor of Science in Cybersecurity and Digital Forensics program. Here are a few examples: \n\n- The program has achieved a high job placement rate, with graduates securing positions in a variety of cybersecurity and digital forensics roles.\n- Students have won awards at cybersecurity competitions, demonstrating their skills and knowledge in the field.\n- The program has formed partnerships with industry leaders, providing students with valuable internships and networking opportunities.\n- Faculty members have published research in top-tier"
### Instruction: Tell me about the Program Educational Objectives (PEOs).\n\n ### Response:,"### Response:The Program Educational Objectives (PEOs) of the department are as follows: Graduates will be able to apply computing knowledge and skills to design and implement solutions, contribute effectively in teams, demonstrate ethical and social values, and engage in lifelong learning, higher education, career growth, and community service."," The Program Educational Objectives (PEOs) are the broad statements that describe the career and personal goals of the graduates of a specific program. The PEOs are formulated by taking into account the needs of the program's constituencies, including students, alumni, employers, and the society at large. The PEOs are usually based on the program's mission and are designed to define the desired outcomes of the program. They provide a framework for designing the curriculum, setting learning outcomes, and measuring the success of the program. Typically, PEOs address the"
### Instruction: What can students expect from the Bachelor of Science in Computer Information Systems program?\n\n ### Response:,### Response:The Bachelor of Science in Computer Information Systems program is rigorous and prepares students for professional careers in the business world. Graduates are well-equipped to handle academic challenges in graduate study as well.," Students enrolled in a Bachelor of Science in Computer Information Systems program can expect to gain a strong foundation in both computer science and information systems. The program typically covers topics such as programming languages, database management, network administration, information security, and project management. Graduates of the program can pursue career paths such as software developers, systems analysts, network administrators, or information security analysts. They will also develop critical thinking and problem-solving skills, as well as the ability to communicate effectively with technical and non-technical stakeholders."
### Instruction: Tell me about the postgraduate program offered by the department.\n\n ### Response:,### Response:The department offers a Master of Science in Information Systems and Data Analytics at the postgraduate level. This program focuses on advanced topics related to information systems and data analytics.," The department of Computer Science offers a postgraduate program that aims to provide advanced education and training in computer science to students. The program includes coursework and research opportunities in various areas of computer science, such as artificial intelligence, data science, software engineering, and more. Students in the program have the opportunity to work closely with faculty members on research projects and to develop their skills in areas of particular interest to them. The program also provides students with opportunities to network with other professionals in the field and to participate in research conferences and seminars. Graduates of the program will be well-prep"
### Instruction: Tell me about the faculty in the Department of Computer Information Systems.\n\n ### Response:,### Response:The department has a dedicated faculty comprising experts in areas related to computer information systems. They provide quality education and mentor students in their academic and professional growth.," The college's Department of Computer Information Systems boasts a talented and accomplished faculty, consisting of knowledgeable and experienced professionals. They bring a diverse set of skills and experience to the classroom, and are dedicated to helping students succeed in their academic and professional pursuits. With expertise in a wide range of areas, including database systems, data analytics, software development, and information security, the faculty are well-equipped to prepare students for careers in an ever-changing technological landscape. Many of the faculty members have received advanced degrees and maintain strong industry connections, which allows them to stay up"
### Instruction: What career opportunities can graduates expect after completing this program?\n\n ### Response:,"### Response:Graduates of the Cyber Security and Digital Forensics program can pursue careers as Forensic Specialists, Cyber Security Consultants, Incident and Threat Managers, Risk Analysts, Software Developers, IT Project Managers, Computer Science Researchers, and more. The program equips them with valuable skills for various roles."," Graduates can expect potential career opportunities in fields such as web development, mobile development, game development, systems integration, data science, and IT consulting. They may also find roles as software engineers, product developers, and IT project managers. In summary, the IT industry offers a broad range of positions for graduates in many specialized areas."
### Instruction: Can you provide more details about the Master of Science in Computer Science program?\n\n ### Response:,### Response:The Master of Science in Computer Science (MSc) program in Dammam focuses on advanced topics in computer science. It is designed to provide students with in-depth knowledge and expertise in various areas of computer science.," Certainly! The Master of Science in Computer Science program is designed for students who want to gain a comprehensive understanding of computer science principles and specialize in a particular area such as artificial intelligence, cybersecurity, data science, or software engineering.
The program typically takes two years to complete and includes coursework in advanced programming, algorithms, data structures, operating systems, and more. Students also have the opportunity to complete a research project or thesis under the guidance of a faculty member.
Admission requirements for the program vary by institution but often include a bachelor's degree in computer science or a related"
### Instruction: Tell me about the Saudi Aramco Chair for Cyber Security.\n\n ### Response:,### Response:The Saudi Aramco Chair for Cyber Security was established in the College of Computer Science and Information Technology at Imam Abdul Rahman bin Faisal University on 1/5/1442 AH (16/12/2020 AD). It is funded by Saudi Aramco for a period of three years.," The Saudi Aramco Chair for Cyber Security is an academic program and research center at King Fahd University of Petroleum and Minerals (KFUPM) in Dhahran, Saudi Arabia. Established in 2017, the chair aims to develop human capital and knowledge in the field of cybersecurity through education, research, and collaboration with industry partners.
The center conducts research on various aspects of cybersecurity, including threat intelligence, risk assessment, and incident response, and provides training and educational programs for students, faculty, and industry profession"
### Instruction: Who is the financier's representative to the chair?\n\n ### Response:,### Response:The financier's representative to the chair is M. Amr El-Sherbiny.," The chair of the meeting must request nominations for the position of financier's representative. After the nominations, a vote is conducted to elect the representative."
### Instruction: Tell me about scholarships for graduate students under this initiative.\n\n ### Response:,### Response:Scholarships for graduate students are offered in collaboration with the College of Computer Science and Information Technology. Two scholarships are available for students enrolled in the cybersecurity path of the master's program in the Department of Computer Science. Each grant covers 50% of tuition fees. This initiative aims to attract distinguished graduate students in the field of cybersecurity to promote high-level scientific research.," The GE-Reagan Foundation Scholarship Program awards $10,000 to 20 graduate students annually who demonstrate leadership qualities, strong academic performance, and passion for public service. The scholarship supports their graduate education in business, public policy, or international studies at an accredited university in the United States. To apply, candidates need to submit an online application, including transcripts, test scores, and two essays explaining their goals and experience in public service."
### Instruction: How can someone get involved in these sub-initiatives or access the resources provided?\n\n ### Response:,"### Response:To get involved in these sub-initiatives or access the resources provided by the Studies and Development Initiative within the Saudi Aramco Cybersecurity Chair, individuals can typically reach out to the respective initiative supervisors or coordinators mentioned earlier. They can inquire about participation, contribute to the initiatives, or explore opportunities for collaboration. Additionally, information about these initiatives may be available on the official website of Imam Abdulrahman Bin Faisal University or through the College of Computer Science and Information Technology."," The sub-initiatives and resources provided by the Biden Cancer Initiative are primarily geared towards cancer researchers, healthcare providers, and policymakers. However, members of the public who are interested in supporting the initiative can do so by donating, participating in fundraisers, and spreading awareness about the cause. To learn more about the initiative and stay updated on opportunities for involvement, individuals can visit the Biden Cancer Initiative website or follow their social media channels."
### Instruction: Tell me more about the Scientific Cooperation and Exchange of Experiences Initiative within the Saudi Aramco Cybersecurity Chair.\n\n ### Response:,"### Response:The Scientific Cooperation and Exchange of Experiences Initiative within the Saudi Aramco Cybersecurity Chair is supervised by Dr. Khalid Alissa and Dr. Abdullah Almuhaideb. It has several key objectives and sub-initiatives:

1. Building Channels of Communication: This initiative aims to create collaborative channels with cybersecurity researchers and research centers globally to strengthen cooperative alliances and investigate cybersecurity objectives more effectively.

2. Community Service and School Visits: The chair collaborates with schools to raise awareness about cybercrime and cybersecurity, especially among adolescents. It prepares content reviewed by cybersecurity specialists at the college.

3. Training Programs: Offering diverse training programs and workshops to develop cybersecurity skills for both specialists and non-specialists in the field.

4. Support for Professional Certificates: Supporting and encouraging students to obtain professional certificates in cybersecurity by covering 50% of the test fees.

5. Student Competition: Hosting an annual competition to recognize talented students in the field of cybersecurity and providing training courses for high-ranking participants.

6. Advisory Board Directives: Leveraging the expertise of an advisory board comprising individuals with diverse experiences in industry, academia, and government sectors to provide guidance and support.

7. Supporting the Industrial Sector: Focusing on projects in the industrial sector, encouraging students to invest their research in areas that support industrial development, and publishing distinct research in prestigious journals.

These initiatives collectively contribute to enhancing cybersecurity knowledge, skills, and awareness both locally and internationally."," The Scientific Cooperation and Exchange of Experiences (SCEE) Initiative is a key component of the Saudi Aramco Cybersecurity Chair at King Fahd University of Petroleum and Minerals (KFUPM) in Dhahran, Saudi Arabia. This initiative is aimed at promoting and enhancing cooperation and exchange of experiences between industry, academia, and government organizations in the field of cybersecurity.
The SCEE Initiative provides a platform for knowledge sharing, collaboration, and capacity building in cybersecurity through various activities"
### Instruction: Cybercrime and COVID-19\n\n ### Response:,"### Response:In the past period, during the pandemic that had an impact on the whole world, Bushra Alhetelah, Dakheel Almogbil, Hessah Almulhim, and Rawan Tammas collected information to enrich the cybersecurity content. They published an article saying that the spread of COVID-19 earlier in 2020 had a massive effect on the entire world. Cyber-crimes have been increasing significantly during the pandemic, resulting in a significant impact on education, healthcare, finance, and the whole ecosystem."," The rapid spread of COVID-19 has created new opportunities for cybercriminals to exploit fear and uncertainty. With more people working and socializing from home, there has been an increase in cyber threats such as phishing scams, malware attacks, and ransomware incidents. Cybercriminals are also using the pandemic as a lure to trick people into clicking on malicious links or opening infected attachments. The pandemic has also made it harder for organizations to detect and prevent cybercrime due to remote work and reduced staffing levels.\n\nTo"
### Instruction: What to Expect as a Cybersecurity Student?\n\n ### Response:,"### Response:A student's experience begins well before they step onto campus, and its effect continues long after graduation. Each student has a different and unique experience that they will likely remember for a lifetime. Cybersecurity alumni were interviewed by Ali AlKhamis - a cybersecurity student - to answer several questions, and each had a meaningful and different answer. Malak AlFosail - a cybersecurity lecturer -, Lamya AlSaleem - a cybersecurity researcher -, Kawthar AlSharah - a cybersecurity student -, and Wesal AlObaidi - a cybersecurity fresh graduate - shared their insights."," As a cybersecurity student, you can expect to gain a strong foundation in information security concepts, principles, and techniques. You will learn about digital forensics, network security, cryptography, ethical hacking, and risk management. You will also learn about various security technologies, such as firewalls, intrusion detection systems, and virtual private networks. Additionally, cybersecurity students often participate in hands-on lab work and real-world simulations to learn how to apply their knowledge in practical situations. Many programs also provide opportunities for internships, co-op placements, and industry certifications to"
### Instruction: Can you provide more information about the workshops mentioned in the conversation?\n\n ### Response:,"### Response:Certainly, here are details about the workshops:
 Workshop 1: 'Cyber Attacks and Defense in Organizations Workshop' Presented by: Dr. Atif Ahmad Affiliation: Distinguished Associated Professor, School of Computing and Information Systems, University of Melbourne, Australia. 
 Workshop 2: 'Boosting IoT and Industry 4.0 Security with AI-driven SIEMs Seminar' Presented by: Prof. Juan M. Corchado Affiliation: Distinguished professor, The University of Salamanca, Spain. 
 Workshop 3: 'Cybersecurity of Industrial Control Systems (Challenges and Research Directions) Seminar' Presented by: Prof. Awais Rashid Affiliation: Distinguished Professor, Heads the Bristol Cyber Security Group, Department of Computer Science, University of Bristol, UK."," Sure, I'd be happy to provide more information about the workshops mentioned in the conversation. Can you please specify which workshops you're referring to?"
### Instruction: Can you provide information about the first recent research publication in cybersecurity?\n\n ### Response:,### Response:The first publication is titled 'MADS Based on DL Techniques on the Internet of Things (IoT): Survey.' It's authored by Hussah Talal and Rachid Zagrouba and published in the Electronics Journal.," The first recent research publication in cybersecurity was published in June 2019 by the Institute for Cyber Security and Policy (I.C.S.P.) at George Washington University. The publication, titled ""The State of Security Measures in the Digital Age,"" examines current cybersecurity practices and provides recommendations for improving cybersecurity measures. The study found that while significant progress has been made in recent years, there is still work to be done to ensure that organizations and individuals are properly safeguarded against cyber threats."
### Instruction: Tell me about the fourth recent research publication in cybersecurity.\n\n ### Response:,### Response:he fourth publication is 'Sustainable Program Assessment Practices: A Review of the ABET and NCAAA Computer Information Systems Accreditation Process' authored by Saqib Saeed and others. It's published in the International Journal of Environmental Research and Public Health (IJERPH).," The fourth recent research publication in cybersecurity is a study titled ""Analysis of Cybersecurity Vulnerabilities in Industrial Control Systems"" published in the International Journal of Online Engineering. This paper aimed to identify and analyze the cybersecurity vulnerabilities in Industrial Control Systems (ICS) and propose a possible solution to reduce their risks. The researchers conducted a comprehensive literature review, analyzed ICS architectures and communication protocols and identified potential vulnerabilities. The study also proposed an integrated security framework to enhance ICS security which includes cryptographic methods, secure communication protocols, intrusion detection and"
### Instruction: Can you tell me about the project 'Derma: Skin Disease Detection Using Deep Learning and Image Processing Specialized for Children'?\n\n ### Response:,"### Response:Sure! 'Derma' is a project focused on using deep learning and image processing techniques to detect skin diseases in children. It aims to identify skin conditions like eczema, psoriasis, and ringworm at an early stage for better treatment and prevention."," Derma is a project that focuses on developing a deep learning and image processing framework to detect skin diseases in children. The project uses a combination of computer vision techniques and machine learning algorithms to analyze images of skin conditions and accurately classify them. The goal of this project is to create a tool that can assist pediatricians and dermatologists in diagnosing common skin conditions in children, such as eczema, psoriasis, and allergic reactions. The team involved in this project includes researchers from the fields of computer science, pediatrics, and dermatology. They have developed"
### Instruction: What is the project 'Predictive Artificial Intelligence Technique for Detecting Alzheimer’s' about?\n\n ### Response:,"### Response:The project 'Predictive Artificial Intelligence Technique for Detecting Alzheimer’s' involves developing a deep learning-based model using brain scans, including magnetic resonance imaging (MRI), to detect Alzheimer's disease in the elderly. It utilizes image processing techniques to achieve high accuracy in diagnosing Alzheimer's and potentially aid in the development of effective treatment methods."," It's a project that aims to develop an artificial intelligence technique to predict and detect Alzheimer’s disease in its early stages, using various Machine Learning and Deep Learning algorithms."
"### Instruction: What is the project 'Preemptive Diagnosis of Cervical Cancer, Multiple Sclerosis, and Schizophrenia Using Computational Intelligence Techniques' about?\n\n ### Response:","### Response:The project 'Preemptive Diagnosis of Cervical Cancer, Multiple Sclerosis, and Schizophrenia Using Computational Intelligence Techniques' aims to develop computational models for early diagnosis of these medical conditions. By leveraging computational intelligence techniques, such as machine learning and data analysis, this project seeks to identify patterns and indicators in medical data that can assist in the preemptive diagnosis of cervical cancer, multiple sclerosis, and schizophrenia."," The project 'Preemptive Diagnosis of Cervical Cancer, Multiple Sclerosis, and Schizophrenia Using Computational Intelligence Techniques' is a research initiative that aims to develop an early, accurate, and reliable diagnostic tool for cervical cancer, multiple sclerosis, and schizophrenia using computational intelligence techniques like artificial neural networks, genetic algorithms, and support vector machines. The goal of the project is to build a predictive model that can identify the risk factors and symptoms of these diseases in their early stages, allowing for timely inter"
### Instruction: What is the project 'AI-Powered Chatbot for Customer Support' about?\n\n ### Response:,"### Response:The project 'AI-Powered Chatbot for Customer Support' focuses on developing an artificial intelligence-based chatbot system to provide customer support services. By utilizing natural language processing and machine learning techniques, this project aims to create a conversational chatbot that can understand customer queries, provide relevant information, and assist in resolving issues. It can enhance customer service efficiency and provide round-the-clock support."," The project 'AI-Powered Chatbot for Customer Support' is focused on developing an artificial intelligence-driven chatbot that can assist customers with queries, issues and questions about a company's products or services. This chatbot can interact with customers through various messaging platforms, providing them with instant support and helping to improve customer satisfaction and the overall customer experience. The project involves designing, implementing, and training the AI model to handle a wide range of customer support queries, and to communicate effectively through natural language processing and generating human-like responses."
### Instruction: Can you explain the project 'Emotion Recognition from Facial Expressions'?\n\n ### Response:,"### Response:'Emotion Recognition from Facial Expressions' is a project that focuses on developing a system capable of recognizing and interpreting emotions from facial expressions. By utilizing computer vision techniques and machine learning algorithms, this project aims to analyze facial features, detect emotional cues, and classify the expressed emotions. It has applications in areas such as human-computer interaction, affective computing, and psychological research."," Sure, I'd be happy to explain! Emotion recognition from facial expressions is a computer vision project that focuses on identifying emotions in people based on their facial expressions. This is done using various computer algorithms that analyze the facial features and movements of a person to determine their emotional state. The goal is to create a system that can accurately recognize and classify different emotions such as happiness, sadness, anger, fear, surprise, and disgust. The system can be used in various applications such as healthcare, virtual reality, and law enforcement, among others.\n\nThe"
### Instruction: Tell me more about Dr. Garsah Farhan Alqarni.\n\n ### Response:,### Response:Dr. Garsah Farhan Alqarni is an assistant Professor in the College of Computer Science and Information Technology. He specializes in the field of Computer Science. You can reach him at 00966-13-333-2036 or via email at gfalqarni@iau.edu.sa. His office is located at 102E., Dr. Garsah Farhan Alqarni is a Saudi Arabian physician and researcher. She is a pediatric cardiologist and cardiac electrophysiologist who specializes in the diagnosis and treatment of children with heart rhythm disorders. She is known for her expertise in the field of pediatric cardiology and has authored several research studies on the topic. She is also actively involved in teaching and training the next generation of physicians in her field. She is a member of various professional organizations and has received several awards and honors for her work in pediatric
### Instruction: Tell me more about Dr. Rachid Zagrouba.\n\n ### Response:,### Response:Dr. Rachid Zagrouba is an assistant Professor in the College of Computer Science and Information Technology. He specializes in the field of Computer Information Systems. You can reach him via email at rmzagrouba@iau.edu.sa. His office is located at 4205 - 5.," Dr. Rachid Zagrouba is a well-known cardiovascular specialist, with extensive expertise in the field of cardiovascular medicine. He graduated from the University of Tunis El Manar with a medical degree and completed his residency training at the same institution. Dr. Zagrouba has also pursued fellowship training at the University of Massachusetts Medical Center, where he honed his skills in the areas of clinical cardiac electrophysiology and invasive cardiology.
Dr. Zagrouba has published several scientific papers in reputable cardiov"
### Instruction: Provide information about Dr. Rami Mustafa AbdelRahman.\n\n ### Response:,### Response:Dr. Rami Mustafa AbdelRahman is an assistant Professor in the College of Computer Science and Information Technology. He is associated with the Department of Computer Information Systems. You can reach him via phone at 32044 or email at rmmohammad@iau.edu.sa.," Dr. Rami Mustafa AbdelRahman is an experienced neurosurgeon and neuroradiologist who specializes in minimally invasive spine surgery, complex spine surgery, and cerebrovascular surgery. He is a fellow of the American College ofSurgeons and a member of the North American Spine Society. Dr. AbdelRahman is also an assistant professor of neurosurgery and radiology at the University of Rochester Medical Center. He received his medical degree from the American University of Beirut and completed his residency at the University of Pitts"
### Instruction: Tell me about Dr. Dhiaa A. Musleh.\n\n ### Response:,### Response:Dr. Dhiaa A. Musleh is an assistant Professor in the College of Computer Science and Information Technology. He is associated with the Department of Computer Science. You can reach him via email at damusleh@iau.edu.sa.," Dr. Dhiaa A. Musleh is a professor of internal medicine who specializes in cardiology. He received his medical degree from Ain Shams University in Cairo, Egypt in 1976 and pursued his residency at St. Vincent's Hospital and Medical Center in New York City. Dr. Musleh is board certified in internal medicine, cardiovascular disease, and nuclear cardiology. He is a fellow of the American College of Cardiology and has been in practice for over 30 years."
### Instruction: Provide information about Dr. Farmanullah Jan.\n\n ### Response:,### Response:Dr. Farmanullah Jan is an assistant Professor in the College of Computer Science and Information Technology. He is associated with the Department of Computer Science. You can reach him via phone at 0583474198 or email at fzmjan@iau.edu.sa.," Dr. Farmanullah Jan is an Afghan neurologist and public intellectual. He is a graduate of the Kabul University's medical school and received his PhD in neurology from the Royal Free and University College Medical School in London. Dr. Jan is a former member of the Afghanistan Independent Human Rights Commission and has served as a consultant to various international organizations, including the World Bank and the World Health Organization. He is also a published author, with several books to his credit on the subjects of medicine, history and Afghan culture. In recent years, Dr. Jan has been an outsp"
### Instruction: Tell me about Dr. Samiha BRAHIMI.\n\n ### Response:,### Response:Dr. Samiha BRAHIMI is an assistant Professor in the College of Computer Science and Information Technology. She is associated with the Department of Computer Information Systems. You can reach her via phone at 0581236612 or email at sbrahimi@iau.edu.sa.," Dr. Samiha Brahimi is the Director of the Center of Interdisciplinary Studies in Physics and Biology (CISPB) and a Professor at Paris Diderot University in France. She is also an associated researcher at the National Center for Scientific Research (CNRS). Dr. Brahimi's research focuses on understanding the basic principles and mechanisms of biological systems and their interactions with the environment, particularly in the context of climate change. She is known for her work on computational models of population dynamics, urban ecology, and the effects of human activities on ecosystems"
### Instruction: Tell me about Yasir Alguwaifli.\n\n ### Response:,### Response:Yasir Alguwaifli is an assistant Professor in the College of Computer Science and Information Technology. He is associated with the Department of Computer Science. You can reach him via email at ymalguwaifli@iau.edu.sa.," Yasir Alguwaifli is a British professional football player who plays as a midfielder for Al-Jabalain FC in the Saudi Arabian Professional League. He began his career at Reading FC and has also played for Cheltenham Town, Crawley Town and Morecambe. Alguwaifli has also represented the United Arab Emirates national team at the international level."
### Instruction: Tell me about Dr. Nawaf Alharbi.\n\n ### Response:,### Response:Dr. Nawaf Alharbi is an assistant Professor in the College of Computer Science and Information Technology. He is associated with the Department of Computer Engineering. You can reach him via email at nmsalharbi@iau.edu.sa.," Dr. Nawaf Alharbi, P.E., PhD is a retired Assistant Professor of Mechanical Engineering with experience in the educational field since 1984. He specializes in Thermal Science, Fluid Mechanics, and Heat Transfer. Dr. Alharbi holds a PhD in Mechanical Engineering from the University of Toledo, Ohio (1997) and a M.Sc. degree in Mechanical Engineering from the Kansas State University, Manhattan, Kansas (1984). He received his B.Sc. degree in Mechanical Engineering from Mutah University"
### Instruction: Provide information about khalid mohamed hassan aloub.\n\n ### Response:,### Response:khalid mohamed hassan aloub is a Lecturer in the College of Computer Science and Information Technology. He is associated with the Department of Computer Science. You can reach him via email at kmAloup@iau.edu.sa.," Khalid Mohamed Hassan Aloub is an assistant professor in the Department of Civil Society Studies at the University of Sharjah in the United Arab Emirates. He received his Ph.D. in Political Science from the University of Massachusetts Amherst and specializes in the study of civil society, democratization, and the role of Islam in politics and society."
### Instruction: Tell me about Amal Hadi Alhajri.\n\n ### Response:,### Response:Amal Hadi Alhajri is a Lecturer in the College of Computer Science and Information Technology. She is associated with the Department of Computer Science. You can reach her via phone at 0506647049 or email at aalhajri@iau.edu.sa. Her office is located at Room#205.," Amal Hadi Alhajri is an American citizen who was detained at Guantánamo Bay in Cuba from July 2002 to February 2004. He was taken into custody in Pakistan, accused of being an al-Qaeda fighter. After being held at Guantánamo for almost two years, he was released without charge and returned to the United States. Since then, he has become an outspoken advocate against the detention practices at Guantánamo Bay and the injustices that occurred there. He frequently speaks at events and has testified"
### Instruction: Tell me about Gomathi Krishna.\n\n ### Response:,### Response:Gomathi Krishna is a Lecturer in the College of Computer Science and Information Technology. She is associated with the Department of Computer Information Systems. You can reach her via phone at +966 5-37623921 or email at gKrishna@iau.edu.sa.," Gomathi Krishna is a popular Indian track and field athlete who specializes in the 800 meters race. She was born on February 8, 1987 in Vellore, Tamil Nadu. She is a two-time Asian champion in the 800 meters event and has also won multiple medals at the Asian Athletics Championships. In addition to her national achievements, she has also represented India at the Commonwealth Games and the Asian Games, earning several top 8 finishes. Gomathi Krishna is known for her strong late kick and remarkable stam"
### Instruction: Tell me about Mamoun Masoud Ibrahim Abdulqader.\n\n ### Response:,### Response:Mamoun Masoud Ibrahim Abdulqader is a Lecturer in the College of Computer Science and Information Technology. He is associated with the Department of Computer Science. You can reach him via phone at 32006 or email at mmibrahim@iau.edu.sa.," Mamoun Masoud Ibrahim Abdulqader is a Syrian footballer who plays as a Defender for Al-Wehda and the Syria national team. Born in Tartous, Syria, on September 14, 1990, Mamoun started his career with Al-Majd before moving to Al-Wahda. He has represented Syria at the youth level and made his senior international debut in 2012. Mamoun has since gone on to represent Syria in multiple international competitions, including the 2019 AFC Asian Cup."
### Instruction: What is the vision of the Alumni and Career Development Center?\n\n ### Response:,### Response:The vision of the center is to take an active and leading role in establishing career guidance and communication between the university's current students and alumni.," The Alumni and Career Development Center's vision is to empower and guide students and alumni to achieve their career and personal goals by providing innovative programs, services, and resources. Their goal is to foster a lifelong partnership with alumni and students, helping them make informed decisions, develop skills, and create opportunities for personal and professional growth. Through their efforts, they strive to create a diverse and inclusive community that values collaboration, leadership, and success."
